timestamp,adapter,total_pct,pid,process,exe_path,proc_pct,vram_mb
2026-08-31 17:43:29,0x00000000_0x00012710,7.1,27876,msedgewebview2.exe,C:\Program Files (x86)\Microsoft\EdgeWebView\Application\151.0.4129.107\msedgewebview2.exe,1.9,94.9
2026-08-31 17:43:29,0x00000000_0x00012710,7.1,28756,csrss.exe,,0.9,97.1
2026-08-31 17:43:29,0x00000000_0x00012710,7.1,10792,WindowsTerminal.exe,,4.4,214.8
2026-08-31 17:43:29,0x00000000_0x00012710,7.1,4780,dwm.exe,,7.1,1119.2
2026-08-31 17:43:29,0x00000000_0x00012710,7.1,1944,explorer.exe,C:\Windows\Explorer.EXE,0.0,228.8
2026-08-31 17:43:29,0x00000000_0x00012710,7.1,4,System,,0.0,0.5
2026-08-31 17:43:29,0x00000000_0x00012B33,0.1,1944,explorer.exe,C:\Windows\Explorer.EXE,0.1,228.8
2026-08-31 17:43:30,0x00000000_0x00012710,1.7,4780,dwm.exe,,0.6,1118.5
2026-08-31 17:43:30,0x00000000_0x00012710,1.7,27876,msedgewebview2.exe,C:\Program Files (x86)\Microsoft\EdgeWebView\Application\151.0.4129.107\msedgewebview2.exe,1.7,95.3
2026-08-31 17:43:30,0x00000000_0x00012710,1.7,10792,WindowsTerminal.exe,,1.6,214.8
2026-08-31 17:43:31,0x00000000_0x00012710,12.3,4,System,,0.0,0.5
2026-08-31 17:43:31,0x00000000_0x00012710,12.3,10792,WindowsTerminal.exe,,0.5,214.8
2026-08-31 17:43:31,0x00000000_0x00012710,12.3,1944,explorer.exe,C:\Windows\Explorer.EXE,0.1,228.8
2026-08-31 17:43:31,0x00000000_0x00012710,12.3,4780,dwm.exe,,12.3,1099.2
2026-08-31 17:43:31,0x00000000_0x00012710,12.3,27876,msedgewebview2.exe,C:\Program Files (x86)\Microsoft\EdgeWebView\Application\151.0.4129.107\msedgewebview2.exe,1.3,86.7
2026-08-31 17:43:31,0x00000000_0x00012710,12.3,28048,chrome.exe,C:\Program Files\Google\Chrome\Application\chrome.exe,1.2,227.0
2026-08-31 17:43:32,0x00000000_0x00012710,6.7,27876,msedgewebview2.exe,C:\Program Files (x86)\Microsoft\EdgeWebView\Application\151.0.4129.107\msedgewebview2.exe,1.5,86.7
2026-08-31 17:43:32,0x00000000_0x00012710,6.7,28048,chrome.exe,C:\Program Files\Google\Chrome\Application\chrome.exe,3.7,226.8
2026-08-31 17:43:32,0x00000000_0x00012710,6.7,4780,dwm.exe,,6.7,1099.0
2026-08-31 17:43:34,0x00000000_0x00012710,9.2,4,System,,0.0,0.5
2026-08-31 17:43:34,0x00000000_0x00012710,9.2,28048,chrome.exe,C:\Program Files\Google\Chrome\Application\chrome.exe,8.2,289.0
2026-08-31 17:43:34,0x00000000_0x00012710,9.2,27876,msedgewebview2.exe,C:\Program Files (x86)\Microsoft\EdgeWebView\Application\151.0.4129.107\msedgewebview2.exe,1.4,86.5
2026-08-31 17:43:34,0x00000000_0x00012710,9.2,4780,dwm.exe,,9.2,1099.0
2026-08-31 17:43:34,0x00000000_0x00012710,9.2,1944,explorer.exe,C:\Windows\Explorer.EXE,0.1,228.8
2026-08-31 17:43:35,0x00000000_0x00012710,3.4,27876,msedgewebview2.exe,C:\Program Files (x86)\Microsoft\EdgeWebView\Application\151.0.4129.107\msedgewebview2.exe,1.5,86.3
2026-08-31 17:43:35,0x00000000_0x00012710,3.4,28048,chrome.exe,C:\Program Files\Google\Chrome\Application\chrome.exe,3.4,279.8
2026-08-31 17:43:35,0x00000000_0x00012710,3.4,1944,explorer.exe,C:\Windows\Explorer.EXE,0.0,228.8
2026-08-31 17:43:35,0x00000000_0x00012710,3.4,4780,dwm.exe,,2.8,1099.0
2026-08-31 17:43:36,0x00000000_0x00012710,3.0,4780,dwm.exe,,3.0,1099.0
2026-08-31 17:43:36,0x00000000_0x00012710,3.0,27876,msedgewebview2.exe,C:\Program Files (x86)\Microsoft\EdgeWebView\Application\151.0.4129.107\msedgewebview2.exe,1.6,86.3
2026-08-31 17:43:36,0x00000000_0x00012710,3.0,28048,chrome.exe,C:\Program Files\Google\Chrome\Application\chrome.exe,1.9,284.1
2026-08-31 17:43:36,0x00000000_0x00012710,1.8,28048,chrome.exe,C:\Program Files\Google\Chrome\Application\chrome.exe,0.4,284.1
2026-08-31 17:43:36,0x00000000_0x00012710,1.8,27876,msedgewebview2.exe,C:\Program Files (x86)\Microsoft\EdgeWebView\Application\151.0.4129.107\msedgewebview2.exe,1.8,86.3
2026-08-31 17:43:36,0x00000000_0x00012710,1.8,4780,dwm.exe,,0.2,1099.0
2026-08-31 17:43:38,0x00000000_0x00012710,8.7,4780,dwm.exe,,8.7,1132.4
2026-08-31 17:43:38,0x00000000_0x00012710,8.7,28756,csrss.exe,,3.9,157.2
2026-08-31 17:43:38,0x00000000_0x00012710,8.7,4,System,,0.0,0.5
2026-08-31 17:43:38,0x00000000_0x00012710,8.7,1944,explorer.exe,C:\Windows\Explorer.EXE,0.0,228.8
2026-08-31 17:43:38,0x00000000_0x00012710,8.7,28048,chrome.exe,C:\Program Files\Google\Chrome\Application\chrome.exe,0.7,283.2
2026-08-31 17:43:38,0x00000000_0x00012710,8.7,27876,msedgewebview2.exe,C:\Program Files (x86)\Microsoft\EdgeWebView\Application\151.0.4129.107\msedgewebview2.exe,1.3,86.6
2026-08-31 17:43:39,0x00000000_0x00012710,12.4,28048,chrome.exe,C:\Program Files\Google\Chrome\Application\chrome.exe,0.4,288.4
2026-08-31 17:43:39,0x00000000_0x00012710,12.4,4780,dwm.exe,,5.8,1132.4
2026-08-31 17:43:39,0x00000000_0x00012710,12.4,4,System,,0.0,0.5
2026-08-31 17:43:39,0x00000000_0x00012710,12.4,28756,csrss.exe,,12.4,157.2
2026-08-31 17:43:39,0x00000000_0x00012710,12.4,27876,msedgewebview2.exe,C:\Program Files (x86)\Microsoft\EdgeWebView\Application\151.0.4129.107\msedgewebview2.exe,1.3,86.6
2026-08-31 17:43:40,0x00000000_0x00012710,5.3,4,System,,0.0,0.5
2026-08-31 17:43:40,0x00000000_0x00012710,5.3,4780,dwm.exe,,2.4,1132.4
2026-08-31 17:43:40,0x00000000_0x00012710,5.3,27876,msedgewebview2.exe,C:\Program Files (x86)\Microsoft\EdgeWebView\Application\151.0.4129.107\msedgewebview2.exe,1.6,86.6
2026-08-31 17:43:40,0x00000000_0x00012710,5.3,28048,chrome.exe,C:\Program Files\Google\Chrome\Application\chrome.exe,0.9,249.8
2026-08-31 17:43:40,0x00000000_0x00012710,5.3,28756,csrss.exe,,5.3,157.2
2026-08-31 17:43:40,0x00000000_0x00012710,1.6,28756,csrss.exe,,0.9,157.2
2026-08-31 17:43:40,0x00000000_0x00012710,1.6,4780,dwm.exe,,1.0,1132.4
2026-08-31 17:43:40,0x00000000_0x00012710,1.6,27876,msedgewebview2.exe,C:\Program Files (x86)\Microsoft\EdgeWebView\Application\151.0.4129.107\msedgewebview2.exe,1.6,86.4
2026-08-31 17:43:41,0x00000000_0x00012710,1.8,28756,csrss.exe,,0.0,157.2
2026-08-31 17:43:41,0x00000000_0x00012710,1.8,27876,msedgewebview2.exe,C:\Program Files (x86)\Microsoft\EdgeWebView\Application\151.0.4129.107\msedgewebview2.exe,1.8,86.4
2026-08-31 17:43:41,0x00000000_0x00012710,1.8,28048,chrome.exe,C:\Program Files\Google\Chrome\Application\chrome.exe,0.1,251.9
2026-08-31 17:43:41,0x00000000_0x00012710,1.8,4780,dwm.exe,,0.0,1132.4
2026-08-31 17:43:42,0x00000000_0x00012710,1.8,27876,msedgewebview2.exe,C:\Program Files (x86)\Microsoft\EdgeWebView\Application\151.0.4129.107\msedgewebview2.exe,1.8,78.2
2026-08-31 17:43:42,0x00000000_0x00012710,1.8,28048,chrome.exe,C:\Program Files\Google\Chrome\Application\chrome.exe,0.4,251.9
2026-08-31 17:43:43,0x00000000_0x00012710,1.8,27876,msedgewebview2.exe,C:\Program Files (x86)\Microsoft\EdgeWebView\Application\151.0.4129.107\msedgewebview2.exe,1.8,73.2
2026-08-31 17:43:45,0x00000000_0x00012710,1.8,4780,dwm.exe,,0.0,1128.4
2026-08-31 17:43:45,0x00000000_0x00012710,1.8,28756,csrss.exe,,0.1,157.2
2026-08-31 17:43:45,0x00000000_0x00012710,1.8,28048,chrome.exe,C:\Program Files\Google\Chrome\Application\chrome.exe,0.9,226.1
2026-08-31 17:43:45,0x00000000_0x00012710,1.8,27876,msedgewebview2.exe,C:\Program Files (x86)\Microsoft\EdgeWebView\Application\151.0.4129.107\msedgewebview2.exe,1.8,73.2
2026-08-31 17:43:46,0x00000000_0x00012710,11.3,4780,dwm.exe,,6.4,1128.4
2026-08-31 17:43:46,0x00000000_0x00012710,11.3,4,System,,0.1,0.5
2026-08-31 17:43:46,0x00000000_0x00012710,11.3,27876,msedgewebview2.exe,C:\Program Files (x86)\Microsoft\EdgeWebView\Application\151.0.4129.107\msedgewebview2.exe,1.3,73.2
2026-08-31 17:43:46,0x00000000_0x00012710,11.3,28048,chrome.exe,C:\Program Files\Google\Chrome\Application\chrome.exe,0.1,246.4
2026-08-31 17:43:46,0x00000000_0x00012710,11.3,28756,csrss.exe,,11.3,157.2
2026-08-31 17:43:46,0x00000000_0x00012710,11.3,1944,explorer.exe,C:\Windows\Explorer.EXE,0.1,228.3
2026-08-31 17:43:46,0x00000000_0x00012710,11.3,27876,msedgewebview2.exe,C:\Program Files (x86)\Microsoft\EdgeWebView\Application\151.0.4129.107\msedgewebview2.exe,1.3,73.2
2026-08-31 17:43:46,0x00000000_0x00012710,11.3,28756,csrss.exe,,1.5,123.6
2026-08-31 17:43:46,0x00000000_0x00012710,11.3,28048,chrome.exe,C:\Program Files\Google\Chrome\Application\chrome.exe,2.0,253.5
2026-08-31 17:43:46,0x00000000_0x00012710,11.3,4,System,,0.0,0.5
2026-08-31 17:43:46,0x00000000_0x00012710,11.3,4780,dwm.exe,,11.3,1096.1
2026-08-31 17:43:48,0x00000000_0x00012710,17.8,12636,Weixin.exe,C:\Program Files\Tencent\Weixin\Weixin.exe,0.5,163.4
2026-08-31 17:43:48,0x00000000_0x00012710,17.8,28756,csrss.exe,,0.3,129.6
2026-08-31 17:43:48,0x00000000_0x00012710,17.8,1944,explorer.exe,C:\Windows\Explorer.EXE,0.2,228.3
2026-08-31 17:43:48,0x00000000_0x00012710,17.8,28048,chrome.exe,C:\Program Files\Google\Chrome\Application\chrome.exe,1.0,253.6
2026-08-31 17:43:48,0x00000000_0x00012710,17.8,4780,dwm.exe,,17.8,1107.9
2026-08-31 17:43:48,0x00000000_0x00012710,17.8,27876,msedgewebview2.exe,C:\Program Files (x86)\Microsoft\EdgeWebView\Application\151.0.4129.107\msedgewebview2.exe,1.4,95.0
2026-08-31 17:43:48,0x00000000_0x00012710,17.8,4,System,,0.0,0.5
2026-08-31 17:43:49,0x00000000_0x00012710,14.3,4780,dwm.exe,,14.3,1101.7
2026-08-31 17:43:49,0x00000000_0x00012710,14.3,12636,Weixin.exe,C:\Program Files\Tencent\Weixin\Weixin.exe,1.8,162.7
2026-08-31 17:43:49,0x00000000_0x00012710,14.3,1944,explorer.exe,C:\Windows\Explorer.EXE,0.0,228.3
2026-08-31 17:43:49,0x00000000_0x00012710,14.3,4,System,,0.0,0.5
2026-08-31 17:43:49,0x00000000_0x00012710,14.3,28048,chrome.exe,C:\Program Files\Google\Chrome\Application\chrome.exe,2.2,253.6
2026-08-31 17:43:49,0x00000000_0x00012710,14.3,27876,msedgewebview2.exe,C:\Program Files (x86)\Microsoft\EdgeWebView\Application\151.0.4129.107\msedgewebview2.exe,1.7,95.1
2026-08-31 17:43:49,0x00000000_0x00012710,14.3,28756,csrss.exe,,0.0,129.6
2026-08-31 17:43:50,0x00000000_0x00012710,17.8,4,System,,0.0,0.5
2026-08-31 17:43:50,0x00000000_0x00012710,17.8,4780,dwm.exe,,17.8,1101.7
2026-08-31 17:43:50,0x00000000_0x00012710,17.8,27876,msedgewebview2.exe,C:\Program Files (x86)\Microsoft\EdgeWebView\Application\151.0.4129.107\msedgewebview2.exe,1.4,86.5
2026-08-31 17:43:50,0x00000000_0x00012710,17.8,28048,chrome.exe,C:\Program Files\Google\Chrome\Application\chrome.exe,0.2,253.4
2026-08-31 17:43:50,0x00000000_0x00012710,17.8,12636,Weixin.exe,C:\Program Files\Tencent\Weixin\Weixin.exe,5.1,163.3
2026-08-31 17:43:50,0x00000000_0x00012710,17.8,28756,csrss.exe,,0.0,129.6
2026-08-31 17:43:50,0x00000000_0x00012710,8.7,28048,chrome.exe,C:\Program Files\Google\Chrome\Application\chrome.exe,0.4,237.0
2026-08-31 17:43:50,0x00000000_0x00012710,8.7,4,System,,0.0,0.5
2026-08-31 17:43:50,0x00000000_0x00012710,8.7,4780,dwm.exe,,8.7,1100.9
2026-08-31 17:43:50,0x00000000_0x00012710,8.7,12636,Weixin.exe,C:\Program Files\Tencent\Weixin\Weixin.exe,2.7,163.3
2026-08-31 17:43:50,0x00000000_0x00012710,8.7,27876,msedgewebview2.exe,C:\Program Files (x86)\Microsoft\EdgeWebView\Application\151.0.4129.107\msedgewebview2.exe,1.5,86.4
2026-08-31 17:43:50,0x00000000_0x00012710,8.7,28756,csrss.exe,,0.1,129.6
2026-08-31 17:43:52,0x00000000_0x00012710,14.5,28756,csrss.exe,,0.1,123.6
2026-08-31 17:43:52,0x00000000_0x00012710,14.5,28048,chrome.exe,C:\Program Files\Google\Chrome\Application\chrome.exe,0.5,253.4
2026-08-31 17:43:52,0x00000000_0x00012710,14.5,4780,dwm.exe,,14.5,1098.6
2026-08-31 17:43:52,0x00000000_0x00012710,14.5,4,System,,0.0,0.5
2026-08-31 17:43:52,0x00000000_0x00012710,14.5,12636,Weixin.exe,C:\Program Files\Tencent\Weixin\Weixin.exe,0.5,163.3
2026-08-31 17:43:52,0x00000000_0x00012710,14.5,1944,explorer.exe,C:\Windows\Explorer.EXE,0.0,228.3
2026-08-31 17:43:52,0x00000000_0x00012710,14.5,27876,msedgewebview2.exe,C:\Program Files (x86)\Microsoft\EdgeWebView\Application\151.0.4129.107\msedgewebview2.exe,1.4,86.4
2026-08-31 17:43:53,0x00000000_0x00012710,1.7,27876,msedgewebview2.exe,C:\Program Files (x86)\Microsoft\EdgeWebView\Application\151.0.4129.107\msedgewebview2.exe,1.7,78.2
2026-08-31 17:43:53,0x00000000_0x00012710,1.7,28048,chrome.exe,C:\Program Files\Google\Chrome\Application\chrome.exe,0.4,253.4
2026-08-31 17:43:53,0x00000000_0x00012710,1.7,4780,dwm.exe,,1.1,1098.6
2026-08-31 17:43:54,0x00000000_0x00012710,1.8,28048,chrome.exe,C:\Program Files\Google\Chrome\Application\chrome.exe,0.1,253.2
2026-08-31 17:43:54,0x00000000_0x00012710,1.8,27876,msedgewebview2.exe,C:\Program Files (x86)\Microsoft\EdgeWebView\Application\151.0.4129.107\msedgewebview2.exe,1.8,73.2
2026-08-31 17:43:54,0x00000000_0x00012710,1.8,28048,chrome.exe,C:\Program Files\Google\Chrome\Application\chrome.exe,0.8,253.2
2026-08-31 17:43:54,0x00000000_0x00012710,1.8,27876,msedgewebview2.exe,C:\Program Files (x86)\Microsoft\EdgeWebView\Application\151.0.4129.107\msedgewebview2.exe,1.8,73.2
2026-08-31 17:43:54,0x00000000_0x00012710,1.8,4780,dwm.exe,,0.4,1098.6
2026-08-31 17:43:56,0x00000000_0x00012710,1.8,28048,chrome.exe,C:\Program Files\Google\Chrome\Application\chrome.exe,0.3,253.2
2026-08-31 17:43:56,0x00000000_0x00012710,1.8,27876,msedgewebview2.exe,C:\Program Files (x86)\Microsoft\EdgeWebView\Application\151.0.4129.107\msedgewebview2.exe,1.8,73.2
2026-08-31 17:43:56,0x00000000_0x00012710,1.7,27876,msedgewebview2.exe,C:\Program Files (x86)\Microsoft\EdgeWebView\Application\151.0.4129.107\msedgewebview2.exe,1.7,73.2
2026-08-31 17:43:56,0x00000000_0x00012710,1.7,4780,dwm.exe,,0.2,1098.6
2026-08-31 17:43:56,0x00000000_0x00012710,1.7,28048,chrome.exe,C:\Program Files\Google\Chrome\Application\chrome.exe,0.2,231.4
2026-08-31 17:43:58,0x00000000_0x00012710,2.0,4780,dwm.exe,,2.0,1098.6
2026-08-31 17:43:58,0x00000000_0x00012710,2.0,28048,chrome.exe,C:\Program Files\Google\Chrome\Application\chrome.exe,1.3,254.5
2026-08-31 17:43:58,0x00000000_0x00012710,2.0,27876,msedgewebview2.exe,C:\Program Files (x86)\Microsoft\EdgeWebView\Application\151.0.4129.107\msedgewebview2.exe,1.8,73.2
2026-08-31 17:43:59,0x00000000_0x00012710,8.2,28048,chrome.exe,C:\Program Files\Google\Chrome\Application\chrome.exe,8.2,197.5
2026-08-31 17:43:59,0x00000000_0x00012710,8.2,4780,dwm.exe,,6.8,1118.4
2026-08-31 17:43:59,0x00000000_0x00012710,8.2,4,System,,0.0,0.5
2026-08-31 17:43:59,0x00000000_0x00012710,8.2,1944,explorer.exe,C:\Windows\Explorer.EXE,0.0,228.3
2026-08-31 17:43:59,0x00000000_0x00012710,8.2,27876,msedgewebview2.exe,C:\Program Files (x86)\Microsoft\EdgeWebView\Application\151.0.4129.107\msedgewebview2.exe,1.5,73.2
2026-08-31 17:43:59,0x00000000_0x00012710,18.7,27876,msedgewebview2.exe,C:\Program Files (x86)\Microsoft\EdgeWebView\Application\151.0.4129.107\msedgewebview2.exe,1.2,73.2
2026-08-31 17:43:59,0x00000000_0x00012710,18.7,28048,chrome.exe,C:\Program Files\Google\Chrome\Application\chrome.exe,3.4,197.5
2026-08-31 17:43:59,0x00000000_0x00012710,18.7,19900,Qoder IDE.exe,C:\Users\flycat666\AppData\Local\Programs\Qoder IDE\Qoder IDE.exe,0.1,76.4
2026-08-31 17:43:59,0x00000000_0x00012710,18.7,10792,WindowsTerminal.exe,,0.4,214.8
2026-08-31 17:43:59,0x00000000_0x00012710,18.7,4,System,,0.0,0.5
2026-08-31 17:43:59,0x00000000_0x00012710,18.7,4780,dwm.exe,,18.7,1118.3
2026-08-31 17:43:59,0x00000000_0x00012710,18.7,28756,csrss.exe,,0.2,123.6
2026-08-31 17:43:59,0x00000000_0x00012710,18.7,1944,explorer.exe,C:\Windows\Explorer.EXE,0.0,228.3
2026-08-31 17:44:01,0x00000000_0x00012710,32.6,4,System,,0.0,0.5
2026-08-31 17:44:01,0x00000000_0x00012710,32.6,4780,dwm.exe,,32.6,1118.9
2026-08-31 17:44:01,0x00000000_0x00012710,32.6,28756,csrss.exe,,0.7,123.6
2026-08-31 17:44:01,0x00000000_0x00012710,32.6,27876,msedgewebview2.exe,C:\Program Files (x86)\Microsoft\EdgeWebView\Application\151.0.4129.107\msedgewebview2.exe,1.0,73.2
2026-08-31 17:44:01,0x00000000_0x00012710,32.6,1944,explorer.exe,C:\Windows\Explorer.EXE,1.8,285.4
2026-08-31 17:44:01,0x00000000_0x00012710,32.6,10792,WindowsTerminal.exe,,0.1,214.8
2026-08-31 17:44:01,0x00000000_0x00012710,26.6,4,System,,0.0,0.5
2026-08-31 17:44:01,0x00000000_0x00012710,26.6,1944,explorer.exe,C:\Windows\Explorer.EXE,0.2,285.3
2026-08-31 17:44:01,0x00000000_0x00012710,26.6,27876,msedgewebview2.exe,C:\Program Files (x86)\Microsoft\EdgeWebView\Application\151.0.4129.107\msedgewebview2.exe,0.7,95.1
2026-08-31 17:44:01,0x00000000_0x00012710,26.6,4780,dwm.exe,,26.6,1118.1
2026-08-31 17:44:01,0x00000000_0x00012710,26.6,28756,csrss.exe,,0.2,123.6
2026-08-31 17:44:01,0x00000000_0x00012710,26.6,19900,Qoder IDE.exe,C:\Users\flycat666\AppData\Local\Programs\Qoder IDE\Qoder IDE.exe,0.1,80.6
2026-08-31 17:44:03,0x00000000_0x00012710,7.5,4,System,,0.0,0.5
2026-08-31 17:44:03,0x00000000_0x00012710,7.5,4780,dwm.exe,,7.5,1134.2
2026-08-31 17:44:03,0x00000000_0x00012710,7.5,1944,explorer.exe,C:\Windows\Explorer.EXE,0.2,285.4
2026-08-31 17:44:03,0x00000000_0x00012710,7.5,19900,Qoder IDE.exe,C:\Users\flycat666\AppData\Local\Programs\Qoder IDE\Qoder IDE.exe,0.1,80.5
2026-08-31 17:44:03,0x00000000_0x00012710,7.5,27876,msedgewebview2.exe,C:\Program Files (x86)\Microsoft\EdgeWebView\Application\151.0.4129.107\msedgewebview2.exe,1.5,95.2
2026-08-31 17:44:03,0x00000000_0x00012710,7.5,28756,csrss.exe,,0.6,129.6
2026-08-31 17:44:03,0x00000000_0x00012710,25.7,28756,csrss.exe,,0.4,129.6
2026-08-31 17:44:03,0x00000000_0x00012710,25.7,4,System,,0.1,0.5
2026-08-31 17:44:03,0x00000000_0x00012710,25.7,1944,explorer.exe,C:\Windows\Explorer.EXE,0.1,285.3
2026-08-31 17:44:03,0x00000000_0x00012710,25.7,27876,msedgewebview2.exe,C:\Program Files (x86)\Microsoft\EdgeWebView\Application\151.0.4129.107\msedgewebview2.exe,1.3,86.5
2026-08-31 17:44:03,0x00000000_0x00012710,25.7,4780,dwm.exe,,25.7,1126.7
2026-08-31 17:44:03,0x00000000_0x00012710,25.7,19900,Qoder IDE.exe,C:\Users\flycat666\AppData\Local\Programs\Qoder IDE\Qoder IDE.exe,0.1,68.2
2026-08-31 17:44:03,0x00000000_0x00012710,25.7,12636,Weixin.exe,C:\Program Files\Tencent\Weixin\Weixin.exe,1.5,163.4
2026-08-31 17:44:04,0x00000000_0x00012710,6.8,27876,msedgewebview2.exe,C:\Program Files (x86)\Microsoft\EdgeWebView\Application\151.0.4129.107\msedgewebview2.exe,1.5,86.2
2026-08-31 17:44:04,0x00000000_0x00012710,6.8,28756,csrss.exe,,0.0,129.6
2026-08-31 17:44:04,0x00000000_0x00012710,6.8,1944,explorer.exe,C:\Windows\Explorer.EXE,0.0,285.3
2026-08-31 17:44:04,0x00000000_0x00012710,6.8,12636,Weixin.exe,C:\Program Files\Tencent\Weixin\Weixin.exe,2.0,161.8
2026-08-31 17:44:04,0x00000000_0x00012710,6.8,4,System,,0.0,0.5
2026-08-31 17:44:04,0x00000000_0x00012710,6.8,4780,dwm.exe,,6.8,1126.7
2026-08-31 17:44:06,0x00000000_0x00012710,2.2,27876,msedgewebview2.exe,C:\Program Files (x86)\Microsoft\EdgeWebView\Application\151.0.4129.107\msedgewebview2.exe,1.6,86.2
2026-08-31 17:44:06,0x00000000_0x00012710,2.2,28756,csrss.exe,,0.1,129.6
2026-08-31 17:44:06,0x00000000_0x00012710,2.2,4780,dwm.exe,,2.2,1126.7
2026-08-31 17:44:06,0x00000000_0x00012710,2.2,12636,Weixin.exe,C:\Program Files\Tencent\Weixin\Weixin.exe,0.9,161.9
2026-08-31 17:44:06,0x00000000_0x00012710,6.1,1944,explorer.exe,C:\Windows\Explorer.EXE,0.1,285.4
2026-08-31 17:44:06,0x00000000_0x00012710,6.1,4,System,,0.0,0.5
2026-08-31 17:44:06,0x00000000_0x00012710,6.1,12636,Weixin.exe,C:\Program Files\Tencent\Weixin\Weixin.exe,1.3,162.0
2026-08-31 17:44:06,0x00000000_0x00012710,6.1,4780,dwm.exe,,6.1,1125.3
2026-08-31 17:44:06,0x00000000_0x00012710,6.1,28756,csrss.exe,,0.1,129.6
2026-08-31 17:44:06,0x00000000_0x00012710,6.1,8088,TextInputHost.exe,C:\Windows\SystemApps\MicrosoftWindows.Client.CBS_cw5n1h2txyewy\TextInputHost.exe,0.0,18.7
2026-08-31 17:44:06,0x00000000_0x00012710,6.1,27876,msedgewebview2.exe,C:\Program Files (x86)\Microsoft\EdgeWebView\Application\151.0.4129.107\msedgewebview2.exe,1.6,78.1
2026-08-31 17:44:07,0x00000000_0x00012710,8.6,4780,dwm.exe,,8.6,1126.9
2026-08-31 17:44:07,0x00000000_0x00012710,8.6,27876,msedgewebview2.exe,C:\Program Files (x86)\Microsoft\EdgeWebView\Application\151.0.4129.107\msedgewebview2.exe,1.4,78.1
2026-08-31 17:44:07,0x00000000_0x00012710,8.6,8088,TextInputHost.exe,C:\Windows\SystemApps\MicrosoftWindows.Client.CBS_cw5n1h2txyewy\TextInputHost.exe,0.2,18.7
2026-08-31 17:44:07,0x00000000_0x00012710,8.6,28756,csrss.exe,,0.2,129.3
2026-08-31 17:44:07,0x00000000_0x00012710,8.6,12636,Weixin.exe,C:\Program Files\Tencent\Weixin\Weixin.exe,1.4,162.1
2026-08-31 17:44:07,0x00000000_0x00012710,8.6,1944,explorer.exe,C:\Windows\Explorer.EXE,0.1,228.4
2026-08-31 17:44:07,0x00000000_0x00012710,8.6,4,System,,0.0,0.5
2026-08-31 17:44:08,0x00000000_0x00012710,6.9,8088,TextInputHost.exe,C:\Windows\SystemApps\MicrosoftWindows.Client.CBS_cw5n1h2txyewy\TextInputHost.exe,0.1,18.7
2026-08-31 17:44:08,0x00000000_0x00012710,6.9,27876,msedgewebview2.exe,C:\Program Files (x86)\Microsoft\EdgeWebView\Application\151.0.4129.107\msedgewebview2.exe,1.5,73.0
2026-08-31 17:44:08,0x00000000_0x00012710,6.9,4,System,,0.0,0.5
2026-08-31 17:44:08,0x00000000_0x00012710,6.9,12636,Weixin.exe,C:\Program Files\Tencent\Weixin\Weixin.exe,1.2,162.1
2026-08-31 17:44:08,0x00000000_0x00012710,6.9,4780,dwm.exe,,6.9,1125.6
2026-08-31 17:44:08,0x00000000_0x00012710,6.9,28756,csrss.exe,,0.1,129.3
2026-08-31 17:44:09,0x00000000_0x00012710,8.9,4,System,,0.0,0.5
2026-08-31 17:44:09,0x00000000_0x00012710,8.9,12636,Weixin.exe,C:\Program Files\Tencent\Weixin\Weixin.exe,1.5,162.1
2026-08-31 17:44:09,0x00000000_0x00012710,8.9,27876,msedgewebview2.exe,C:\Program Files (x86)\Microsoft\EdgeWebView\Application\151.0.4129.107\msedgewebview2.exe,1.3,73.0
2026-08-31 17:44:09,0x00000000_0x00012710,8.9,28756,csrss.exe,,0.3,129.3
2026-08-31 17:44:09,0x00000000_0x00012710,8.9,1944,explorer.exe,C:\Windows\Explorer.EXE,0.1,228.4
2026-08-31 17:44:09,0x00000000_0x00012710,8.9,8088,TextInputHost.exe,C:\Windows\SystemApps\MicrosoftWindows.Client.CBS_cw5n1h2txyewy\TextInputHost.exe,0.2,18.7
2026-08-31 17:44:09,0x00000000_0x00012710,8.9,4780,dwm.exe,,8.9,1125.6
2026-08-31 17:44:10,0x00000000_0x00012710,13.6,4,System,,0.0,0.5
2026-08-31 17:44:10,0x00000000_0x00012710,13.6,27876,msedgewebview2.exe,C:\Program Files (x86)\Microsoft\EdgeWebView\Application\151.0.4129.107\msedgewebview2.exe,1.4,73.0
2026-08-31 17:44:10,0x00000000_0x00012710,13.6,28756,csrss.exe,,0.2,129.3
2026-08-31 17:44:10,0x00000000_0x00012710,13.6,12636,Weixin.exe,C:\Program Files\Tencent\Weixin\Weixin.exe,3.0,162.3
2026-08-31 17:44:10,0x00000000_0x00012710,13.6,1944,explorer.exe,C:\Windows\Explorer.EXE,0.1,228.4
2026-08-31 17:44:10,0x00000000_0x00012710,13.6,8088,TextInputHost.exe,C:\Windows\SystemApps\MicrosoftWindows.Client.CBS_cw5n1h2txyewy\TextInputHost.exe,0.1,18.7
2026-08-31 17:44:10,0x00000000_0x00012710,13.6,4780,dwm.exe,,13.6,1126.4
2026-08-31 17:44:12,0x00000000_0x00012710,9.5,27876,msedgewebview2.exe,C:\Program Files (x86)\Microsoft\EdgeWebView\Application\151.0.4129.107\msedgewebview2.exe,1.4,73.0
2026-08-31 17:44:12,0x00000000_0x00012710,9.5,12636,Weixin.exe,C:\Program Files\Tencent\Weixin\Weixin.exe,3.7,241.7
2026-08-31 17:44:12,0x00000000_0x00012710,9.5,4780,dwm.exe,,9.5,1186.9
2026-08-31 17:44:12,0x00000000_0x00012710,9.5,28756,csrss.exe,,0.1,145.7
2026-08-31 17:44:12,0x00000000_0x00012710,9.5,1944,explorer.exe,C:\Windows\Explorer.EXE,0.0,228.5
2026-08-31 17:44:12,0x00000000_0x00012710,9.5,4,System,,0.0,0.5
2026-08-31 17:44:12,0x00000000_0x00012710,14.0,1944,explorer.exe,C:\Windows\Explorer.EXE,0.2,228.5
2026-08-31 17:44:12,0x00000000_0x00012710,14.0,27876,msedgewebview2.exe,C:\Program Files (x86)\Microsoft\EdgeWebView\Application\151.0.4129.107\msedgewebview2.exe,1.1,73.0
2026-08-31 17:44:12,0x00000000_0x00012710,14.0,4780,dwm.exe,,14.0,1186.2
2026-08-31 17:44:12,0x00000000_0x00012710,14.0,28756,csrss.exe,,0.6,145.7
2026-08-31 17:44:12,0x00000000_0x00012710,14.0,4,System,,0.0,0.5
2026-08-31 17:44:12,0x00000000_0x00012710,14.0,12636,Weixin.exe,C:\Program Files\Tencent\Weixin\Weixin.exe,1.4,241.7
2026-08-31 17:44:13,0x00000000_0x00012710,1.9,12636,Weixin.exe,C:\Program Files\Tencent\Weixin\Weixin.exe,1.9,241.7
2026-08-31 17:44:13,0x00000000_0x00012710,1.9,27876,msedgewebview2.exe,C:\Program Files (x86)\Microsoft\EdgeWebView\Application\151.0.4129.107\msedgewebview2.exe,1.5,73.0
2026-08-31 17:44:13,0x00000000_0x00012710,1.9,4780,dwm.exe,,0.9,1185.9
2026-08-31 17:44:14,0x00000000_0x00012710,7.2,27876,msedgewebview2.exe,C:\Program Files (x86)\Microsoft\EdgeWebView\Application\151.0.4129.107\msedgewebview2.exe,1.6,73.0
2026-08-31 17:44:14,0x00000000_0x00012710,7.2,4780,dwm.exe,,2.2,1185.9
2026-08-31 17:44:14,0x00000000_0x00012710,7.2,4,System,,0.0,0.5
2026-08-31 17:44:14,0x00000000_0x00012710,7.2,12636,Weixin.exe,C:\Program Files\Tencent\Weixin\Weixin.exe,7.2,236.6
2026-08-31 17:44:15,0x00000000_0x00012710,1.7,27876,msedgewebview2.exe,C:\Program Files (x86)\Microsoft\EdgeWebView\Application\151.0.4129.107\msedgewebview2.exe,1.7,73.0
2026-08-31 17:44:16,0x00000000_0x00012710,11.9,12636,Weixin.exe,C:\Program Files\Tencent\Weixin\Weixin.exe,11.9,236.6
2026-08-31 17:44:16,0x00000000_0x00012710,11.9,4780,dwm.exe,,3.4,1184.8
2026-08-31 17:44:16,0x00000000_0x00012710,11.9,27876,msedgewebview2.exe,C:\Program Files (x86)\Microsoft\EdgeWebView\Application\151.0.4129.107\msedgewebview2.exe,1.5,73.0
2026-08-31 17:44:17,0x00000000_0x00012710,6.6,4780,dwm.exe,,2.4,1184.8
2026-08-31 17:44:17,0x00000000_0x00012710,6.6,4,System,,0.0,0.5
2026-08-31 17:44:17,0x00000000_0x00012710,6.6,27876,msedgewebview2.exe,C:\Program Files (x86)\Microsoft\EdgeWebView\Application\151.0.4129.107\msedgewebview2.exe,1.6,73.0
2026-08-31 17:44:17,0x00000000_0x00012710,6.6,12636,Weixin.exe,C:\Program Files\Tencent\Weixin\Weixin.exe,6.6,236.6
2026-08-31 17:44:18,0x00000000_0x00012710,1.6,27876,msedgewebview2.exe,C:\Program Files (x86)\Microsoft\EdgeWebView\Application\151.0.4129.107\msedgewebview2.exe,1.6,73.0
2026-08-31 17:44:19,0x00000000_0x00012710,1.6,27876,msedgewebview2.exe,C:\Program Files (x86)\Microsoft\EdgeWebView\Application\151.0.4129.107\msedgewebview2.exe,1.6,73.0
2026-08-31 17:44:19,0x00000000_0x00012710,1.6,4780,dwm.exe,,0.4,1184.8
2026-08-31 17:44:20,0x00000000_0x00012710,12.2,10792,WindowsTerminal.exe,,0.0,217.6
2026-08-31 17:44:20,0x00000000_0x00012710,12.2,28756,csrss.exe,,0.1,129.3
2026-08-31 17:44:20,0x00000000_0x00012710,12.2,27876,msedgewebview2.exe,C:\Program Files (x86)\Microsoft\EdgeWebView\Application\151.0.4129.107\msedgewebview2.exe,1.5,95.1
2026-08-31 17:44:20,0x00000000_0x00012710,12.2,1944,explorer.exe,C:\Windows\Explorer.EXE,0.1,228.0
2026-08-31 17:44:20,0x00000000_0x00012710,12.2,4,System,,0.0,0.5
2026-08-31 17:44:20,0x00000000_0x00012710,12.2,12636,Weixin.exe,C:\Program Files\Tencent\Weixin\Weixin.exe,1.2,163.0
2026-08-31 17:44:20,0x00000000_0x00012710,12.2,4780,dwm.exe,,12.2,1128.2
2026-08-31 17:44:21,0x00000000_0x00012710,11.7,4,System,,0.0,0.5
2026-08-31 17:44:21,0x00000000_0x00012710,11.7,12636,Weixin.exe,C:\Program Files\Tencent\Weixin\Weixin.exe,5.6,163.0
2026-08-31 17:44:21,0x00000000_0x00012710,11.7,27876,msedgewebview2.exe,C:\Program Files (x86)\Microsoft\EdgeWebView\Application\151.0.4129.107\msedgewebview2.exe,1.5,95.1
2026-08-31 17:44:21,0x00000000_0x00012710,11.7,4780,dwm.exe,,11.7,1128.2
2026-08-31 17:44:22,0x00000000_0x00012710,3.1,27876,msedgewebview2.exe,C:\Program Files (x86)\Microsoft\EdgeWebView\Application\151.0.4129.107\msedgewebview2.exe,1.4,86.5
2026-08-31 17:44:22,0x00000000_0x00012710,3.1,28756,csrss.exe,,0.1,129.3
2026-08-31 17:44:22,0x00000000_0x00012710,3.1,4780,dwm.exe,,3.1,1128.4
2026-08-31 17:44:22,0x00000000_0x00012710,3.1,12636,Weixin.exe,C:\Program Files\Tencent\Weixin\Weixin.exe,0.6,163.0
2026-08-31 17:44:22,0x00000000_0x00012710,3.1,19900,Qoder IDE.exe,C:\Users\flycat666\AppData\Local\Programs\Qoder IDE\Qoder IDE.exe,1.3,81.3
2026-08-31 17:44:22,0x00000000_0x00012710,3.1,4,System,,0.0,0.5
2026-08-31 17:44:23,0x00000000_0x00012710,4.6,28756,csrss.exe,,0.0,129.3
2026-08-31 17:44:23,0x00000000_0x00012710,4.6,10792,WindowsTerminal.exe,,0.0,220.0
2026-08-31 17:44:23,0x00000000_0x00012710,4.6,4780,dwm.exe,,4.6,1130.3
2026-08-31 17:44:23,0x00000000_0x00012710,4.6,27876,msedgewebview2.exe,C:\Program Files (x86)\Microsoft\EdgeWebView\Application\151.0.4129.107\msedgewebview2.exe,1.6,86.2
2026-08-31 17:44:23,0x00000000_0x00012710,4.6,19900,Qoder IDE.exe,C:\Users\flycat666\AppData\Local\Programs\Qoder IDE\Qoder IDE.exe,0.3,81.3
2026-08-31 17:44:23,0x00000000_0x00012710,4.6,4,System,,0.0,0.5
2026-08-31 17:44:23,0x00000000_0x00012710,4.6,12636,Weixin.exe,C:\Program Files\Tencent\Weixin\Weixin.exe,0.8,163.0
2026-08-31 17:44:24,0x00000000_0x00012710,5.3,27876,msedgewebview2.exe,C:\Program Files (x86)\Microsoft\EdgeWebView\Application\151.0.4129.107\msedgewebview2.exe,1.6,86.2
2026-08-31 17:44:24,0x00000000_0x00012710,5.3,12636,Weixin.exe,C:\Program Files\Tencent\Weixin\Weixin.exe,1.3,163.0
2026-08-31 17:44:24,0x00000000_0x00012710,5.3,28756,csrss.exe,,0.1,129.3
2026-08-31 17:44:24,0x00000000_0x00012710,5.3,1944,explorer.exe,C:\Windows\Explorer.EXE,0.0,227.9
2026-08-31 17:44:24,0x00000000_0x00012710,5.3,4,System,,0.0,0.5
2026-08-31 17:44:24,0x00000000_0x00012710,5.3,4780,dwm.exe,,5.3,1130.3
2026-08-31 17:44:25,0x00000000_0x00012710,3.1,28756,csrss.exe,,0.1,129.3
2026-08-31 17:44:25,0x00000000_0x00012710,3.1,12636,Weixin.exe,C:\Program Files\Tencent\Weixin\Weixin.exe,0.7,163.0
2026-08-31 17:44:25,0x00000000_0x00012710,3.1,4780,dwm.exe,,3.1,1130.3
2026-08-31 17:44:25,0x00000000_0x00012710,3.1,27876,msedgewebview2.exe,C:\Program Files (x86)\Microsoft\EdgeWebView\Application\151.0.4129.107\msedgewebview2.exe,1.7,78.1
2026-08-31 17:44:26,0x00000000_0x00012710,1.6,12636,Weixin.exe,C:\Program Files\Tencent\Weixin\Weixin.exe,0.4,163.0
2026-08-31 17:44:26,0x00000000_0x00012710,1.6,27876,msedgewebview2.exe,C:\Program Files (x86)\Microsoft\EdgeWebView\Application\151.0.4129.107\msedgewebview2.exe,1.6,73.0
2026-08-31 17:44:26,0x00000000_0x00012710,1.6,4,System,,0.0,0.5
2026-08-31 17:44:26,0x00000000_0x00012710,1.6,4780,dwm.exe,,1.6,1130.3
2026-08-31 17:44:26,0x00000000_0x00012710,1.6,28756,csrss.exe,,0.1,129.3
2026-08-31 17:44:27,0x00000000_0x00012710,1.8,12636,Weixin.exe,C:\Program Files\Tencent\Weixin\Weixin.exe,0.4,163.1
2026-08-31 17:44:27,0x00000000_0x00012710,1.8,27876,msedgewebview2.exe,C:\Program Files (x86)\Microsoft\EdgeWebView\Application\151.0.4129.107\msedgewebview2.exe,1.8,73.0
2026-08-31 17:44:27,0x00000000_0x00012710,1.8,4,System,,0.0,0.5
2026-08-31 17:44:27,0x00000000_0x00012710,1.8,1944,explorer.exe,C:\Windows\Explorer.EXE,0.0,227.9
2026-08-31 17:44:27,0x00000000_0x00012710,1.8,28756,csrss.exe,,0.1,129.3
2026-08-31 17:44:27,0x00000000_0x00012710,1.8,4780,dwm.exe,,1.8,1130.3
2026-08-31 17:44:28,0x00000000_0x00012710,2.5,27876,msedgewebview2.exe,C:\Program Files (x86)\Microsoft\EdgeWebView\Application\151.0.4129.107\msedgewebview2.exe,1.6,73.0
2026-08-31 17:44:28,0x00000000_0x00012710,2.5,4780,dwm.exe,,2.5,1133.3
2026-08-31 17:44:28,0x00000000_0x00012710,2.5,12636,Weixin.exe,C:\Program Files\Tencent\Weixin\Weixin.exe,0.6,163.1
2026-08-31 17:44:29,0x00000000_0x00012710,18.4,4780,dwm.exe,,18.4,1125.7
2026-08-31 17:44:29,0x00000000_0x00012710,18.4,10792,WindowsTerminal.exe,,0.4,219.8
2026-08-31 17:44:29,0x00000000_0x00012710,18.4,28756,csrss.exe,,0.1,129.3
2026-08-31 17:44:29,0x00000000_0x00012710,18.4,4,System,,0.0,0.5
2026-08-31 17:44:29,0x00000000_0x00012710,18.4,12636,Weixin.exe,C:\Program Files\Tencent\Weixin\Weixin.exe,0.4,163.1
2026-08-31 17:44:29,0x00000000_0x00012710,18.4,1944,explorer.exe,C:\Windows\Explorer.EXE,0.0,228.0
2026-08-31 17:44:29,0x00000000_0x00012710,18.4,27876,msedgewebview2.exe,C:\Program Files (x86)\Microsoft\EdgeWebView\Application\151.0.4129.107\msedgewebview2.exe,1.5,73.0
2026-08-31 17:44:30,0x00000000_0x00012710,13.8,10792,WindowsTerminal.exe,,0.7,219.8
2026-08-31 17:44:30,0x00000000_0x00012710,13.8,1944,explorer.exe,C:\Windows\Explorer.EXE,0.3,228.4
2026-08-31 17:44:30,0x00000000_0x00012710,13.8,4780,dwm.exe,,13.8,1128.4
2026-08-31 17:44:30,0x00000000_0x00012710,13.8,4,System,,0.0,0.5
2026-08-31 17:44:30,0x00000000_0x00012710,13.8,28756,csrss.exe,,0.1,129.3
2026-08-31 17:44:30,0x00000000_0x00012710,13.8,12636,Weixin.exe,C:\Program Files\Tencent\Weixin\Weixin.exe,0.6,141.8
2026-08-31 17:44:30,0x00000000_0x00012710,13.8,27876,msedgewebview2.exe,C:\Program Files (x86)\Microsoft\EdgeWebView\Application\151.0.4129.107\msedgewebview2.exe,1.7,86.6
2026-08-31 17:44:31,0x00000000_0x00012710,1.9,12636,Weixin.exe,C:\Program Files\Tencent\Weixin\Weixin.exe,0.2,141.8
2026-08-31 17:44:31,0x00000000_0x00012710,1.9,28756,csrss.exe,,0.5,129.3
2026-08-31 17:44:31,0x00000000_0x00012710,1.9,19900,Qoder IDE.exe,C:\Users\flycat666\AppData\Local\Programs\Qoder IDE\Qoder IDE.exe,0.3,78.5
2026-08-31 17:44:31,0x00000000_0x00012710,1.9,27876,msedgewebview2.exe,C:\Program Files (x86)\Microsoft\EdgeWebView\Application\151.0.4129.107\msedgewebview2.exe,1.6,86.6
2026-08-31 17:44:31,0x00000000_0x00012710,1.9,4780,dwm.exe,,1.9,1128.7
2026-08-31 17:44:31,0x00000000_0x00012710,1.9,4,System,,0.0,0.5
